{
 "posx": 8.949999999866304,
 "posy": 723.7500000000064
}