{
 "posx": 1042.4999999999206,
 "posy": 163.85000000000548
}