{
 "posx": 962.9999999999504,
 "posy": 279.0000000000038
}