{
 "posx": 1148.7999999999686,
 "posy": 8.00000000000022
}